"occupation_id","title","role_family","search_blob","employment_us","median_wage_usd","projection_growth_pct","exposure_prior_score","adaptive_capacity_prior_score","selector_weight","coverage_tier"
"occ_15_1252_00","Software Developers","software","software developer software developers ai specialist (artificial intelligence specialist) application analyst application architect application developer application engineer application integration engineer application integrator application programmer application software engineering it specialist (application software engineering information technology specialist) application support engineer application systems analyst application systems architect beta tester business application developer certified internetwork expert commercial drone software developer computer application developer computer application engineer computer architect computer consultant computer engineer computer programmer analyst computer software engineer computer systems software architect computer systems software engineer developer devops architect (development and operations architect) devops developer (development and operations developer) devops engineer (development operations engineer) drone software development engineer edp system engineer (electronic data processing system engineer) embedded engineer embedded software engineer embedded systems software developer enterprise systems engineer extract transform load developer full stack developer full stack engineer full stack software engineer game developer game engineer graphic engineer implementation specialist information architect infrastructure engineer interface designer internet application developer internet consultant knowledge management application developer mainframe systems programmer mobile application developer mobile device developer operating system designer (os designer) operating system specialist (os specialist) publishing systems analyst secure software assessor server engineer simulation developer site reliability engineer soa developer (service oriented architecture developer) software application architect software application designer software application developer software application engineer software application specialist software architect software computer specialist software design engineer software designer software development engineer software engineer software engineering systems it specialist (software engineering systems information technology specialist) software quality engineer (sqe) software requirements engineer (sre) software systems developer software systems engineer software writer solution architect solution engineer solutions architect systems analyst engineer systems coordinator systems engineer systems integration engineer systems software designer systems software engineer systems software specialist systems support engineer ui designer (user interface designer) usability engineer video game engineer xml developer (extensible markup language developer)","1654440","133080","15.8","0.653","0.676","0.83","launch"
"occ_43_9061_00","Office Clerks, General","admin","office clerk office clerks, general administration clerk administrative clerk administrative clerk (admin clerk) administrative support specialist administrative technician (admin tech) agent-licensing clerk animal hospital clerk animal shelter clerk attendance clerk auction assistant audit control clerk automobile contract clerk bilingual office assistant blood bank calendar control clerk blood bank credit clerk blood donor unit assistant board attendant broadcast checker call center specialist car distributor chart clerk charter circulation clerk clerical aide clerical assistant clerical dentist assistant clerical office worker clerk code and test clerk congressional district aide copyright expert credit card clerk credit card control clerk data examination clerk desk clerk document coordinator document examiner document processor election clerk examination proctor field assistant field clerk field representative fingerprint clerk floor clerk floor space allocator front office assistant front office clerk general clerk general office assistant general office clerk general office worker government clerk grading clerk greige goods marker health unit coordinator history card clerk identification clerk insurance clerk laboratory clerk laundry clerk lost and found clerk lost charge card clerk map clerk marketing clerk media clerk melter clerk office administrative assistant (office admin assistant) office aide office assistant office associate office automation clerk office clerical helper office employee office helper office services specialist office support assistant office worker order caller police aide police clerk press clippings cutter and paster process server program support clerk property clerk property coordinator radio message router real estate assistant real estate clerk returned telephone equipment appraiser router stubber telegraph service clerk test technician throw-out clerk trace clerk train clerk trip follower underwriting clerk unit clerk utility worker weather clerk wrong address clerk yard clerk","2510550","43630","-6.7","0.179","0.283","0.78","launch"
"occ_15_2051_00","Data Scientists","data","data scientist data scientists analytics consultant analytics specialist applied scientist data analyst data analytic scientist data analytics manager data analytics scientist data analytics specialist data architect data consultant data economist data engineer data management scientist data mining analyst data modeler data quality analyst data science engineer data science intern data specialist data visualization developer machine learning data scientist machine learning engineer machine learning scientist machine learning software engineer marketing data scientist psychometric consultant quantitative methodologist quantitative researcher research analyst research scientist statistical analyst statistical consultant tableau developer","233440","112590","33.5","0.808","0.713","0.76","launch"
"occ_43_6014_00","Secretaries and Administrative Assistants, Except Legal, Medical, and Executive","admin","administrative assistant secretaries and administrative assistants, except legal, medical, and executive administrative assistant (admin assistant) administrative associate administrative clerk administrative coordinator administrative liaison administrative resources associate administrative secretary (admin secretary) administrative specialist (admin specialist) administrative support assistant (asa) administrative support specialist administrative technician alumni secretary appointment scheduler clerical secretary clerk secretary department secretary escrow assistant escrow secretary front desk coordinator office administrative assistant office administrator office assistant office secretary operations assistant personal assistant personal secretary police police administrative assistant program assistant real estate administrative assistant scheduling coordinator school attendance secretary school secretary secretary staff assistant","1737820","46290","-1.6","0.077","0.294","0.75","launch"
"occ_11_1021_00","General and Operations Managers","product_management","operations manager general and operations managers area manager boards and commissions director business coordinator business manager business unit manager center manager chief administrative officer (cao) corporate manager department manager department store general manager (dept store gm) department store manager (dept store manager) district commercial superintendent district manager district plant superintendent district traffic chief district wire chief division toll wire chief division traffic superintendent drilling and production superintendent electrical superintendent equipment maintenance superintendent field party manager fish and game club manager general manager general manager (gm) general superintendent golf and operations manager golf course manager gym manager installation superintendent io manager (industrial organization manager) laundry superintendent line construction superintendent manufacturing operations manager mine superintendent movie theater manager newspaper manager nonprofit manager office manager offshoring manager operational risk manager operations director operations general manager (operations gm) operations supervisor park superintendent parks and recreation manager plant superintendent print production manager printing manager prison warden program director program manager public works director publication director refinery superintendent revenue director revenue manager roads superintendent shelter director shift supervisor shop superintendent site operations manager solid waste manager sports team manager store director store manager street commissioner street superintendent substation superintendent theatre manager training manager venue manager water and sewer systems supervisor water superintendent zoo director","3584420","102950","4.4","0.314","0.670","0.74","launch"
"occ_15_1211_00","Computer Systems Analysts","software","systems analyst computer systems analysts applications analyst applications systems analyst automatic data processing planner (adp planner) business systems analyst computer analyst computer architect computer consultant computer equipment analyst computer methods analyst computer systems analyst computer systems consultant computer systems design analyst computer systems designer computer systems specialist configuration analyst configuration manager cross enterprise integrator cyber defense infrastructure support specialist data processing consultant data processing systems analyst data processing systems consultant data processing systems project planner database analyst database design analyst digital computer systems analyst edi analyst (electronic data exchange analyst) electronic transactions implementer engineering systems analyst erp consultant (enterprise resource planning consultant) erp specialist (enterprise resource planning specialist) functional analyst health systems analyst implementation consultant information scientist information systems analyst (isa) information systems auditor (is auditor) information systems consultant (is consultant) information systems planner (is planner) information systems specialist (is specialist) internet analyst it analyst it analyst (information technology analyst) it auditor (information technology auditor) it business analyst (information technology business analyst) it business systems analyst (information technology business systems analyst) it consultant (information technology consultant) it performance analyst (information technology performance analyst) it security analyst (information technology security analyst) it systems analyst (information technology systems analyst) programmer analyst public key infrastructure analyst (pki analyst) scientific systems analyst software analyst software consultant solution architect systems analysis specialist systems integrator technical analyst technical business analyst technical consultant technology analyst virus technician (virus tech) vulnerability assessment analyst vulnerability assessor","497800","103790","8.7","0.205","0.579","0.73","launch"
"occ_13_2011_00","Accountants and Auditors","finance","accountant accountants and auditors account auditor accounting analyst accounting associate accounting auditor accounting consultant accounting methods analyst accounting officer accounting systems analyst asset analyst audit associate audit partner auditor auditor-in-charge bank accountant budget accountant bursar certified public accountant (cpa) city auditor compliance analyst compliance auditor compliance coordinator corporate accountant cost accountant county auditor data processing auditor field auditor finance business partner financial accountant financial auditor financial systems analyst forensic accountant fund accountant general accountant general ledger accountant industrial accountant information systems auditor insurance auditor internal auditor inventory accountant inventory auditor medical accountant medical auditor mutual fund accountant payroll analyst payroll auditor project accountant property accountant public accountant quality control auditor railroad accountant railroad auditor revenue accountant revenue audit clerk revenue tax specialist staff accountant staff auditor tax accountant tax associate tax auditor tax professional tax specialist traveling accountant traveling auditor traveling repair accountant","1448290","81680","4.6","0.111","0.468","0.71","launch"
"occ_43_3031_00","Bookkeeping, Accounting, and Auditing Clerks","finance","bookkeeper bookkeeping, accounting, and auditing clerks account administrator account clerk account information clerk account receivable clerk accountant assistant accountant clerk accountant helper accounting assistant accounting associate accounting bookkeeper accounting clerk accounting coordinator accounting representative accounting specialist accounting technician accounts payable clerk accounts payable coordinator accounts payable specialist accounts payables clerk accounts receivable assistant accounts receivable clerk accounts receivable specialist advice clerk amortization clerk audit clerk audit control clerk auditing clerk balance clerk bank reconciliator bond clerk booking clerk bookkeeper assistant bookkeeping clerk budget clerk budget technician canceling and cutting control clerk cash accounting clerk cash register balancer chart calculator chart changer chart clerk chart computer chart picker chart reader chart snatcher check clerk check processing clerk classification analyst classification control clerk classifier clearing house clerk clerk analyst clipman collateral clerk collection clerk commodity loan clerk computer bookkeeper cost accounting clerk credit card clerk daily sales audit clerk discount clerk distribution accounting clerk dividend deposit voucher clerk document processor escrow agent escrow closer export clerk export documents clerk field clerk figure clerk finance assistant financial processing clerk financial recording clerk financial specialist fiscal accounting clerk fiscal technician fixed capital clerk foreclosure clerk foreign exchange position clerk full charge bookkeeper general ledger bookkeeper import and export clerk journal clerk ledger clerk ledger poster letter of credit clerk margin clerk mortgage accounting clerk mortgage loan computation clerk office bookkeeper pari mutual ticket checker payment processor posting clerk price checker price clerk program accountant reconcilement clerk reconciliation analyst reconciliation clerk remittance clerk reserves clerk returned item clerk revenue audit clerk safekeeping clerk sales audit clerk securities clerk stock transfer clerk tonnage compilation clerk trust vault clerk typing bookkeeper voucher clerk voucher examiner wheelage clerk","1455770","49210","-5.8","0.109","0.379","0.70","launch"
"occ_13_1161_00","Market Research Analysts and Marketing Specialists","marketing","marketing specialist market research analysts and marketing specialists advertising analyst business development analyst business development associate business development representative business development specialist communications specialist demographic analyst digital marketing specialist email marketing processor email marketing specialist event marketer family consumer scientist government business development specialist international trade specialist market analyst market research analyst market research consultant market research specialist market research worker market researcher marketer marketing analyst marketing associate marketing consultant marketing forecaster marketing representative marketing research analyst marketing researcher marketing support specialist social media specialist technical marketing consultant technical marketing specialist trade analyst trade specialist","861140","76950","6.7","0.180","0.603","0.69","launch"
"occ_15_2031_00","Operations Research Analysts","data","operations research analyst operations research analysts advanced analytics associate analytical strategist analytics consultant business analyst business operations analyst business process analyst continuous improvement specialist decision analyst decision scientist decision support analyst file system installer forms analyst liaison planner material liaison methods analyst methods consultant methods specialist office system analyst operations analyst (ops analyst) operations research analyst (ops research analyst) operations research scientist (ops research scientist) operations specialist (ops specialist) operations support specialist (ops support specialist) optimization analyst policy advisor policy officer procedure analyst procedure writer process analyst research analyst research assistant research associate research scientist research specialist research technician (research tech) researcher risk analyst sales operations analyst (sales ops analyst) standards analyst systems analyst systems consultant technical analyst","107760","91290","21.5","0.105","0.686","0.68","launch"
"occ_13_1082_00","Project Management Specialists","product_management","project manager project management specialists design project management specialist grant assistant human resources project manager (hr project manager) implementation project manager implementations management specialist movie project management specialist planning development specialist program coordinator project administrator project communications officer project controller project coordinator project delivery manager project management manager project management specialist project management technical specialist project management technician project scheduler technical project manager (technical pm)","1006160","100750","5.6","0.413","0.604","0.68","launch"
"occ_15_1254_00","Web Developers","software","web developer web developers back end developer back end engineer back end software engineer back-end web developer computer graphic artist computer graphic designer front end developer front end engineer front end react developer front end software engineer front end web developer frontend developer full stack developer full stack web developer html developer (hypertext markup language developer) interface designer interface developer internet application developer internet architect internet developer internet site designer internet specialist intranet developer javascript developer jquery developer node.js developer php developer (personal home page developer) php web developer (personal home page web developer) php website developer react.js developer ruby on rails developer salesforce developer tableau developer technology applications engineer ui developer (user interface developer) web application developer web applications developer web architect web consultant web content developer web design specialist web engineer web infrastructure developer web page developer web producer web programmer web site designer web site developer web site specialist web software engineer web specialist web technician webmaster webmaster analyst website manager websphere administrator wordpress developer xml developer (extensible markup language developer)","78860","90930","7.5","0.284","0.598","0.68","launch"
"occ_13_2051_00","Financial and Investment Analysts","finance","financial analyst financial and investment analysts accounting analyst acquisition analyst acquisition specialist acquisitions analyst acquisitions consultant alternative financing specialist analyst bank analyst banking analyst bond analyst brand analyst chartered financial analyst (cfa) commodity analyst corporate financial analyst corporate securities research analyst corporate statistical financial analyst credit products officer equity research analyst finance analyst financial planning and analysis analyst financial reporting analyst financial systems analyst fiscal analyst government incentives alternative financing specialist green material value-added assessor institutional commodity analyst investment analyst investment banker investment officer investment underwriter investor m and a banker (mergers and acquisitions banker) mergers and acquisitions associate (m and a associate) mergers and acquisitions consultant (m and a consultant) money manager mutual fund accountant organizational investment analyst planning analyst portfolio analyst portfolio manager pricing analyst pricing specialist prime broker real estate analyst real estate investor renewable energy system finance specialist securities analyst securities consultant securities research analyst securities underwriter statistical financial analyst stock analyst treasury analyst trust officer","340580","101350","5.7","0.111","0.640","0.67","launch"
"occ_43_4051_00","Customer Service Representatives","operations","customer service representative customer service representatives account adjuster account representative adjustment clerk automotive service advisor automotive service writer bill adjuster call center representative claims customer service representative (claims csr) clerical adjudicator client relations specialist client service representative (client service rep) client services representative client support professional client support representative compensation adjuster complaints adjuster complaints clerk contact center specialist customer advocate customer care representative (ccr) customer care service representative customer care specialist customer complaints clerk customer contact specialist customer relations representative customer service agent customer service assistant customer service associate customer service cashier customer service clerk customer service consultant customer service coordinator customer service officer customer service professional customer service representative (csr) customer service specialist customer support representative (customer support rep) customer support specialist field service representative guest service agent hub associate inbound customer service representative (inbound csr) lost and found clerk member services representative (member services rep) membership coordinator merchandise complaint adjuster passenger relations representative phone representative policyholder information clerk product support specialist return-to-factory clerk returns clerk service advisor service advocate contact service representative service writer telephone service advisor trouble clerk utilities customer service representative (utilities csr) utility bill complaints investigator verifying specialist warranty administrator warranty clerk","2725930","42830","-5.5","0.129","0.497","0.66","launch"
"occ_43_6011_00","Executive Secretaries and Executive Administrative Assistants","admin","executive assistant executive secretaries and executive administrative assistants administrative aide administrative assistant administrative associate administrative coordinator administrative liaison administrative office assistant administrative office specialist administrative officer administrative secretary administrative services assistant administrative specialist administrative support specialist clerical specialist confidential secretary congressional apprentice congressional staffer corporate secretary director's assistant executive administrative assistant executive administrator executive office assistant executive secretary executive staff assistant financial secretary human resources executive assistant (hr executive assistant) management assistant office administrator office assistant personal assistant personal secretary president's assistant program support assistant program support specialist project assistant protocol officer scheduler senior administrative assistant staff assistant trust manager assistant vp assistant (vice president's assistant) vp secretary (vice president secretary)","472770","74260","-1.6","0.182","0.397","0.66","launch"
"occ_13_1199_00","Business Operations Specialists, All Other","consulting","business operations specialist business operations specialists, all other administrative analyst administrative assistant attendance officer bar examiner branch operation evaluation manager business agent business development assistant business opportunity and property investment broker business planner business practices officer business service specialist business specialist campaign director campaign worker campaigner caseworker claim agent communications coordinator conciliator contract negotiator corporate planner cue selector customs broker dealer compliance representative demand planner director of nurses registry disaster or damage control specialist employee adviser employee operations examiner employee relations specialist employee's representative employment counselor employment officer employment security officer employment supervisor energy control officer ethics officer field organizer fire assistant fireworks display specialist food and beverage analyst geophysical prospecting permit agent grant coordinator grant manager grant officer grant writer grants administrator health services coordinator hospital insurance representative human resources advisor import/export specialist industrial relations analyst industrial relations counselor industrial relations worker industry-academia liaison job training supervisor labor contract analyst labor relations consultant labor relations or personnel negotiator labor relations representative labor relations specialist labor relations supervisor labor relations worker labor representative lease buyer legislative assistant liaison inspection laboratory assistant liaison officer library consultant location manager mail distribution scheme examiner mediator membership coordinator mystery shopper operations analyst operations assistant order department supervisor personnel adviser personnel analyst personnel consultant personnel counselor personnel officer personnel representative personnel security specialist personnel specialist personnel worker police inspector port purser pricing analyst program analyst property officer proposal specialist protocol officer provider relations representative purchase price analyst purser quality assurance representative questioned documents examiner right-of-way agent rules examiner sewer line photo inspector ship purser shop steward social security specialist special agent special service officer staff assistant tariff publishing agent technical consultant traffic personnel supervisor travel accommodations rater utilization coordinator veterans contact representative","1128200","81270","3","0.653","0.565","0.65","launch"
"occ_13_1111_00","Management Analysts","consulting","management analyst management analysts administrative analyst administrative support coordinator business analyst business consultant business development analyst business management analyst business management consultant business operations analyst business process analyst business process consultant business systems analyst clerical methods analyst commercial specialist dealer analyst employment programs analyst forms analyst health information management business analyst (him business analyst) health information management data analyst (him data analyst) health program analyst health program specialist health systems analyst healthcare consultant human resource analyst (hr analyst) implementation consultant industrial analyst management and program analyst management consultant management scientist management systems auditor operations analyst organizational development consultant performance consultant performance management analyst program analyst program development specialist program evaluator program management analyst project management analyst records management analyst reports analyst survey analyst technical business analyst","893900","101190","8.8","0.194","0.679","0.64","launch"
"occ_41_3091_00","Sales Representatives of Services, Except Advertising, Insurance, Financial Services, and Travel","sales","sales representative sales representatives of services, except advertising, insurance, financial services, and travel account executive accounts manager accounts representative automobile club membership sales agent automotive sales consultant (auto sales consultant) business development representative business services sales representative business-to-business sales representative client relationship consultant customer service representative (customer service rep) customer service sales representative (customer service sales rep) field sales consultant field sales representative independent sales representative inside sales and customer service representative (inside sales and customer service rep) inside sales representative marketing representative member service representative (member service rep) member services representative (member services rep) membership representative (membership rep) membership solicitor outside sales representative pest control service sales agent product specialist route sales representative (route sales rep) sales advisor sales agent sales associate sales consultant sales coordinator sales development representative sales representative (sales rep) sales specialist salesman technical sales representative wireless sales specialist","1189330","66260","3.1","0.006","0.582","0.64","launch"
"occ_43_9111_00","Statistical Assistants","data","statistical assistant statistical assistants actuarial analyst actuarial assistant actuarial technician actuary clerk administrative analyst advertising statistical clerk analytical clerk bookman chart calculator chart changer chart clerk compilation clerk compiler customer data technician data analysis assistant data analysis clerk data compiler data editing clerk data technician fiscal clerk mileage clerk prorate clerk proration clerk record tabulating clerk report clerk research assistant research associate statistical analyst statistical clerk statistical research assistant statistical technician statistics assistant survey data technician tabulating clerk tariff compiler tariff compiling clerk technical analyst voice and data technician wheelage clerk","5900","51440","-2.5","0.227","0.533","0.64","launch"
"occ_13_1071_00","Human Resources Specialists","hr","hr specialist human resources specialists business intelligence engineer career development specialist career development technician career specialist certification specialist contract recruiter corporate recruiter credentialing coordinator credentialing specialist credentials specialist employee advisor employee counselor employee health maintenance program specialist employee operations examiner employee placement specialist employee service officer employment advisor employment appeals examiner employment interviewer employment officer employment program representative employment recruiter employment representative employment security officer employment service specialist employment specialist enlisted advisor ethics officer executive coach executive recruiter headhunter healthcare recruiter hr advisor (human resource advisor) hr analyst (human resources analyst) hr associate (human resources associate) hr business partner (human resources business partner) hr consultant (human resources consultant) hr coordinator (human resources coordinator) hr generalist (human resources generalist) hr recruiter (human resources recruiter) hr tech (human resources technician) hris analyst (human resources information system analyst) human resources generalist human resources representative (hr rep) human resources specialist (hr specialist) job developer job development specialist job interviewer job placement officer job placement specialist job recruiter job service consultant job service specialist labor contractor labor service representative labor services representative mentor recruiter morale officer outplacement consultant personnel advisor personnel analyst personnel consultant personnel coordinator personnel counselor personnel interviewer personnel officer personnel placement specialist personnel recruiter personnel representative personnel specialist personnel technician personnel worker placement coordinator placement counselor placement officer placement specialist prisoner classification interviewer recruiter recruiting coordinator recruiting specialist recruitment consultant resume writer retention specialist retirement officer rules examiner selection specialist sourcing recruiter staffing associate staffing consultant staffing coordinator staffing specialist student recruiter talent acquisition coordinator talent acquisition partner (tap) talent acquisition recruiter talent acquisition specialist talent recruiter technical recruiter volunteer coordinator workforce services representative workforce staffing advisor","917460","72910","6.2","0.193","0.594","0.63","launch"
"occ_23_1011_00","Lawyers","legal","lawyer lawyers admiralty lawyer agency legal counsel attorney attorney at law attorney general barrister business lawyer chief counsel city attorney city solicitor civil lawyer civil litigation attorney civil rights attorney claim attorney commonwealth attorney contracts attorney conveyancer corporate attorney corporate counsel corporate counselor corporate lawyer corporation counsel corporation lawyer counsel counselor at law county attorney county counsel criminal defense lawyer criminal justice lawyer criminal lawyer cyber legal advisor cybersecurity lawyer defense attorney district attorney divorce lawyer document review attorney employment attorney entertainment lawyer environmental attorney environmental lawyer estate conservator family law attorney family lawyer federal public defender foreign law consultant foreign legal consultant general counsel general counselor health care attorney immigration attorney immigration lawyer immigration specialist in-house counsel insurance attorney insurance counselor insurance defense attorney intellectual property lawyer law writer legal advisor legal arbitrator legal consultant legal counsel legal examiner legal research analyst legal researcher litigation associate litigation attorney military lawyer patent attorney patent lawyer patent solicitor personal injury attorney probate lawyer prosecuting attorney prosecutor public defender real estate attorney real estate lawyer solicitor special assistant attorney general sports attorney sports lawyer tariff counsel tax attorney tax lawyer title attorney title lawyer town attorney trial attorney trial lawyer workers' compensation attorney","747750","151160","4.1","0.267","0.641","0.63","launch"
"occ_23_2011_00","Paralegals and Legal Assistants","legal","paralegal paralegals and legal assistants certified paralegal contract preparer contracts specialist corporate legal assistant corporate paralegal document processor estate planning paralegal family law paralegal immigration paralegal intellectual property paralegal law associate legal aide legal analyst legal assistant legal clerk legal processing assistant litigation legal assistant litigation paralegal litigation support specialist paralegal assistant paralegal specialist personal injury paralegal principal law clerk real estate paralegal summer associate trademark paralegal","367220","61010","0.2","0.266","0.466","0.63","launch"
"occ_41_3011_00","Advertising Sales Agents","sales","advertising sales agent advertising sales agents account planner account specialist advertising account executive advertising account representative advertising agent advertising assistant advertising consultant advertising coordinator advertising representative advertising sales representative (ad sales representative) advertising solicitor agent broker digital advertising sales representative (digital advertising sales rep) directory advertising sales representative display advertising sales representative field marketing representative field service representative graphic art sales representative idea man idea worker inside sales representative marketing coordinator marketing representative media sales representative outdoor advertising leasing agent outside sales representative radio and television time sales representative radio time salesperson sales consultant sales coordinator sales promotion representative sales representative sales specialist signs and displays sales representative signs and displays salesperson signs sales representative site leasing agent site promotion agent solicitor space buyer time broker time buyer yellow pages space salesperson","97470","61460","-6.4","0.223","0.585","0.61","launch"
"occ_27_1024_00","Graphic Designers","creative","graphic designer graphic designers ad designer (advertising designer) ad layout worker (advertising layout worker) apparel graphic designer artist brand designer catalogue illustrator commercial artist concept artist creative designer design consultant designer digital artist forms designer graphic art designer graphic artist graphic design coordinator graphics coordinator graphics specialist interface designer label maker layout artist marketing graphic designer multimedia designer multimedia developer multimedia specialist online producer presentation designer presentation specialist production artist production designer production graphic designer publications designer studio designer technical illustrator visual designer visual graphic designer","214260","61300","2.1","0.210","0.631","0.61","launch"
"occ_27_3043_00","Writers and Authors","creative","writer writers and authors advertisement agency copywriter (ad agency copywriter) advertisement copywriter (ad copywriter) advertisement writer (ad writer) advertising associate advertising copywriter advertising specialist advertising writer article writer author biographer blurb writer business writer communications specialist content creator content developer content writer copywriter creative copywriter creative writer curriculum writer digital content creator digital copywriter freelance copywriter freelance writer lyricist marketing copywriter marketing writer novelist online content developer playwright poet program writer promotion writer radio scriptwriter screenwriter search engine optimization copywriter (seo copywriter) short story writer song lyricist specification writer television writer verse writer web content writer","47800","72270","3.6","0.184","0.678","0.60","launch"
"occ_27_3042_00","Technical Writers","content","technical writer technical writers assembly instructions writer clinical writer contracts writer document specialist documentation designer documentation specialist documentation writer engineering documentation specialist engineering writer grant writer handbook writer health science writer health technical writer information developer lexicographer manual writer medical technical writer medical writer narrative writer process description writer proposal coordinator proposal writer regulatory medical writer report writer requirements analyst scientific writer specifications writer technical communicator technical content professional technical proposal writer technical publications writer technician writer ux writer (user experience writer)","55530","91670","0.9","0.174","0.532","0.58","launch"
"occ_13_1151_00","Training and Development Specialists","hr","training specialist training and development specialists applications trainer apprenticeship and training representative auxiliary personnel inservice coordinator bilingual trainer certified epic trainer (certified electronic privacy information center trainer) computer software training specialist computer technology trainer computer training specialist corporate trainer course developer courseware developer curriculum developer curriculum writer cyber instructional curriculum developer cyber instructor cyber workforce developer development associate development coordinator development specialist driver retraining instructor e-learning designer employee development specialist employee training specialist fire department training officer green jobs trainer green material construction trade instructor hr trainer (human resources trainer) industrial trainer instructional specialist insurance employee trainer it technical trainer (information technology technical trainer) job development specialist job training specialist labor trainer leadership development specialist learning and development consultant learning and development specialist learning and development specialist (l and d specialist) management development specialist manpower development advisor manpower development specialist older worker specialist pd manager (professional development manager) personnel training officer product trainer research and development specialist (r and d specialist) sales trainer sales training specialist scheme technician security awareness training specialist skill training program coordinator skills trainer software trainer technical instructor technical trainer technical training coordinator trainer training and development consultant training consultant training developer training facilitator training supervisor workforce development analyst workforce development specialist workforce executive","436610","65850","10.8","0.133","0.626","0.57","launch"
"occ_27_3031_00","Public Relations Specialists","communications","pr specialist public relations specialists audience coordinator brand advocate communication specialist communications associate communications coordinator communications specialist community liaison community relations coordinator concert promoter consumer advocate content marketing specialist content specialist content strategist corporate communications specialist customer specialist digital communications specialist environmental communications specialist event promoter image consultant information and communications specialist information specialist internal communications specialist lobbyist marketing communications coordinator marketing communications specialist marketing coordinator media buyer media planner media relations specialist media specialist motivational speaker music publicist political advisor political aide press agent press secretary promotion specialist public affairs officer public affairs specialist public information officer public information specialist public relations consultant (pr consultant) public relations coordinator (pr coordinator) public relations counselor (pr counselor) public relations officer (pr officer) public relations representative (pr rep) public relations specialist public relations specialist (pr specialist) publicist publicity agent publicity consultant publicity expert publicity person publicity writer service promoter salesperson speech writer student ambassador sustainability communicator","280590","69780","4.8","0.217","0.612","0.55","launch"
"occ_27_3041_00","Editors","content","editor editors acquisitions editor acute editor advertising editor art editor assignment editor book editor business editor censor communications editor content editor continuity editor continuity reader copy editor copy reader development editor dictionary editor digital editor editorial specialist fashion editor features editor food editor greeting card editor index editor legal editor magazine editor make up editor manuscript editor manuscript reader market editor medical editor news editor newspaper copy editor newspaper editor newspaper managing editor newspaper photo editor online content editor opinion editor photo editor play reader production editor program proposals coordinator publication editor publications editor reader reviewer rewrite editor science editor scientific publications editor script editor script reader slot editor society editor sports editor story editor story reader technical editor telegraph editor web content specialist web editor","95480","75260","0.6","0.194","0.607","0.54","launch"
"occ_17_2141_00","Mechanical Engineers","engineering","mechanical engineer mechanical engineers air conditioning engineer (ac engineer) application engineer automation engineer body engineer brake engineer car designer combustion engineer cooling and heating systems design engineer cryogenics engineer design engineer diesel engineer diesel retrofit designer distribution engineer dust control engineer electromechanical engineer engine designer engineer equipment engineer erecting engineer facilities mechanical design engineer field service engineer geothermal power generation mechanical engineer heating and cooling systems engineer heating engineer hvac design mechanical engineer (heating, ventilation, and air conditioning design mechanical engineer) hvac engineer (heating ventilation air conditioning engineer) hvac engineer (heating, ventilation and air conditioning engineer) hvac sensor and digital control designer (heating, ventilation and air conditioning sensor and digital control designer) hydraulic engineer hydroelectric plant mechanical engineer industrial green systems designer industrial retrofit designer installation engineer internal combustion engineer machine design engineer machine tool designer mechanical design engineer mechanical design facilities engineer mechanical designer mechanical development engineer mechanical engineering intern mechanical equipment test engineer mechanical hvac engineer (mechanical heating, ventilation, and air conditioning engineer) mechanical project engineer mechanical research engineer motorcycle designer plant engineer plant equipment engineer product development engineer product engineer products engineer products mechanical design engineer project engineer refrigeration engineer reliability engineer research and development engineer (r&d engineer) roller coaster designer roller coaster engineer servomechanism designer sheet metal engineer stress analyst supplier quality engineer (sqe) systems engineer test engineer test inspection engineer textile engineer tool and die engineer tool design engineer tool designer tool engineer tool maker tooling engineer utilization engineer ventilating engineer ventilating expert weapons designer weapons engineer wind turbine mechanical engineer","286760","102320","9.1","0.264","0.590","0.54","launch"
"occ_13_1041_00","Compliance Officers","operations","compliance officer compliance officers air pollution compliance inspector certified driver examiner (cde) certified driver license test administrator compliance administrator (compliance admin) compliance analyst compliance consultant compliance coordinator compliance examiner compliance investigator compliance professional compliance specialist cosmetology inspector department of motor vehicles clerk (dmv clerk) deportation examiner driver examiner driver license agent driver license examiner driver license reviewing officer driver license technician driver's license examiner eeo officer (equal employment opportunity officer) environmental compliance inspector equal employment opportunity investigator equal employment opportunity representative examiner forms examiner immigration investigator immigration officer industry operations investigator it compliance analyst (information technology compliance analyst) license examiner license inspector license registration examiner licensing analyst licensing inspector licensing officer licensing registration examiner licensing representative licensing technician mortician investigator motor vehicle clerk motor vehicle examiner motor vehicle inspector naturalization examiner passport application examiner passport clerk public service representative (psr) public service representative specialist (psr specialist) qualifications examiner regulation officer regulatory compliance analyst regulatory compliance specialist risk and compliance analyst road test examiner scales inspector security compliance analyst test examiner trade compliance specialist transportation services representative (tsr) wage and hour investigator weight and inspection coordinator weights and measures sealer","397770","78420","3","0.294","0.546","0.53","launch"
"occ_17_2072_00","Electronics Engineers, Except Computer","engineering","electronics engineer electronics engineers, except computer antenna engineer audio visual engineer (av engineer) audio visual manager automation engineer central office equipment engineer central office facilities planning engineer circuit design engineer circuit designer commercial engineer communications engineer compatibility test engineer control systems engineer customer equipment engineer design engineer dial equipment engineer electrical electronics engineers electrical systems engineer electronic design automation engineer (eda engineer) electronic design engineer electronic hardware engineer electronic parts designer electronic systems engineer electronics design engineer electronics research engineer electronics test engineer electrophonic engineer engineer equipment engineer evaluation engineer field engineer field programmable gate array verification engineer (fpga verification engineer) field service engineer fpga engineer (field-programmable gate array engineer) guidance and control systems engineer hardware engineer integrated circuit design engineer (ic design engineer) microwave engineer outside plant cable engineer outside plant engineer power electronics engineer product engineer radar engineer radio frequency design engineer (rf design engineer) radio frequency engineer (rf engineer) research and development engineer (r and d engineer) studio operations engineer telecommunications engineer test engineer traffic circuit engineer transmission and protection engineer transmitter engineer","93940","127590","6.2","0.245","0.643","0.53","launch"
"occ_27_3023_00","News Analysts, Reporters, and Journalists","journalism","journalist news analysts, reporters, and journalists anchor anchorman art critic basketball commentator blogger book critic book reviewer breaking news reporter broadcast journalist broadcast meteorologist broadcast news advisor business reporter business writer columnist commentator correspondent courtroom reporter critic cub reporter data journalist desk reporter digital commentator digital producer digital reporter dramatic critic editorial writer education reporter environmental journalist fashion journalist feature writer film critic financial writer food critic food writer foreign correspondent general assignment reporter general assignment television news reporter headline writer information writer investigative reporter law reporter leg man magazine journalist magazine writer marine reporter market news reporter market reporter media analyst morning news anchor motion picture critic movie critic multimedia journalist multimedia reporter music critic music journalist news analyst news anchor news commentator news correspondent news reporter news writer newscaster newspaper columnist newspaper correspondent newspaper journalist newspaper reporter newspaper writer political reporter press writer print journalist radio commentator radio news anchor radio news writer radio talk show host reporter soccer commentator society reporter sports analyst sports anchor sports commentator sports journalist sports reporter sports writer staff reporter staff writer television anchor television news anchor (tv news anchor) television news reporter television reporter (tv reporter) traffic reporter travel journalist travel writer volleyball commentator weather anchor weekend anchor","41550","60280","-3.9","0.157","0.535","0.53","launch"
"occ_13_1081_00","Logisticians","operations","logistician logisticians acquisition analyst automated logistics specialist client services administrator delivery coordinator demand planner distribution associate distribution specialist inventory analyst logistics associate logistics clerk logistics coordinator logistics planner logistics specialist logistics team member logistics technician manufacturing planner material coordinator material planner materials planner operations planner planner production planner scheduler supply chain analyst supply chain associate supply chain consultant supply chain coordinator supply chain planner supply chain specialist supply management specialist supply planner transportation coordinator","235640","80880","16.7","0.141","0.625","0.52","launch"
